Unnamed: 0,slide_id,label
0,2013152C2024.kfb,1
0,1642001.6.kfb,1
0,1734281.11.kfb,1
0,1524895N.kfb,0
0,1547583.21.kfb,0
0,1638897.10.kfb,0
0,14074504.3.kfb.kfb,1
0,122683.12024.kfb,0
0,1641996.11.kfb,1
0,1547583.10.kfb,1
0,2027362C2024.kfb,1
0,19772N2024.kfb,0
0,14075132.22024.kfb,0
0,2006225C2024.kfb,1
0,2018917N2024.kfb,1
0,17394N2024.kfb,0
0,16450022024.kfb,0
0,14081414.4.kfb.kfb,1
0,122683.22024.kfb,0
0,1734281.12.kfb,1
0,23314N2024.kfb,0
0,124711.12024.kfb,0
0,2023132C2024.kfb,1
