Unnamed: 0,slide_id,label
0,124710.12024.kfb,0
0,1642001.7.kfb,1
0,14074504.42024.kfb,0
0,1641996.4.kfb,1
0,2015392N2024.kfb,1
0,23824N2024.kfb,0
0,1604701.15.kfb,0
0,2100371N2024.kfb,0
0,1858614.13.kfb,0
0,16119372024.kfb,0
0,1604701.5.kfb,0
0,1642001.2.kfb,0
0,1604701.11.kfb,0
0,15000279.32024.kfb,0
0,1740359.5.kfb,1
0,1641996.10.kfb,1
0,1749394.22024.kfb,0
0,15001013.52024.kfb,0
0,1547583.16.kfb,0
0,1734377.42024.kfb,0
0,1734281.17.kfb,0
0,122652.12024.kfb,0
0,14075132.42024.kfb,0
