Unnamed: 0,slide_id,label
0,15001013.52024.kfb,0
0,15003593.52024.kfb,0
0,15002828.52024.kfb,0
0,1858614.13.kfb,0
0,2006225C2024.kfb,1
0,1642001.1.kfb,1
0,1749394.22024.kfb,0
0,122683.32024.kfb,0
0,14082845.52024.kfb,0
0,14082845.22024.kfb,0
0,1641996.2.kfb,1
0,1547583.14.kfb,1
0,17931N2024.kfb,0
0,1734281.14.kfb,0
0,1547583.13.kfb,1
0,2105119N2024.kfb,0
0,1749394.42024.kfb,0
0,1642001.9.kfb,0
0,14069024.22024.kfb,0
0,1642001.6.kfb,1
0,2023132N2024.kfb,0
0,2023601C2024.kfb,0
0,1641996.11.kfb,1
